{
    "coins": {},
    "wallets": {
        "wallet_person_1": {
            "BTC": 1.9700000000000002,
            "ETH": 14.2
        },
        "wallet_person_2": {
            "BTC": 0.48000000000000004,
            "ETH": 0.0
        }
    }
}